<?xml version="1.0" encoding="UTF-8" standalone="yes"?>
<addon id="plugin.video.REPO-LOJINK" name="[B]REPO-LOJINK[/B]" version="1.0.0" provider-name="LOJINK">
  <requires>
    <import addon="xbmc.python" version="2.1.0"/>
	<import addon="script.module.beautifulsoup" version="3.2.1"/>
    <import addon="script.module.simple.downloader" version="0.9.4"/>
    <import addon="script.module.beautifulsoup4" />
    <import addon="script.module.requests" />
    <import addon="script.module.httplib2" />
    <import addon="script.module.youtube.dl" optional="true"/>
    <import addon="plugin.video.youtube"/>
    <import addon="script.module.urlresolver" />
    <import addon="script.module.simplejson" />    
    <import addon="script.module.livestreamer" optional="true"/>
    <import addon="script.module.pyamf" optional="true"/>
	<import addon="script.module.addon.common" version="2.0.0"/>
	
  </requires>
  <extension point="xbmc.python.pluginsource" library="default.py">
        <provides>video</provides>
  </extension>
  <extension point="xbmc.addon.metadata">	
        <summary>[B][COLOR white]REPO-LOJINK[/COLOR]</summary>
        <description lang="pt">[B][COLOR white]ADDON QUE PERMITE INSTALAR ADDONS REPO-LOJINK E PARCEIROS. Não somos responsáveis pelos arquivos aqui encontrados.[/COLOR][/B]</description>
        <disclaimer lang="en">[B][COLOR white]Divulgação, Canal no [/COLOR][COLOR red]YouTube[/COLOR]: [COLOR blue]adritec News[/COLOR][/B]</disclaimer>		
		<forum>none</forum>
		<source></source>
		<website></website>
		<platform>all</platform>
	</extension>
</addon>