<?xml version="1.0" encoding="UTF-8" standalone="yes"?>
<addon id="plugin.video.+18Play"
       name="[B][COLOR white]+18PLAY[/COLOR][/B]"
       version="[B][COLOR gold]5.1[/COLOR][/B]"
       provider-name="[B][COLOR gold]Lucas Cardoso[/COLOR][/B]">
  <requires>
    <import addon="xbmc.python" version="2.1.0"/>
	<import addon="script.module.t0mm0.common"/>
    <import addon="script.module.beautifulsoup"/>
    <import addon="script.module.simple.downloader"/>
    <import addon="script.module.beautifulsoup4"/>
    <import addon="script.module.simple.downloader"/>
    <import addon="script.module.requests" />
    <import addon="script.module.httplib2" />
    <import addon="script.module.urlresolver" optional="true"/>
    <import addon="script.module.simplejson" /> 
    <import addon="script.common.plugin.cache"/>
    <import addon="script.module.metahandler"/>

  </requires>
  <extension point="xbmc.python.pluginsource" library="default.py">
    <provides>video</provides>
  </extension>
  <extension point="xbmc.addon.metadata">
    <summary>[B][COLOR white]Addon de canais adultos.[/COLOR]</summary>
    <description lang="pt">[B][COLOR white]Brazuca Play +18.[/COLOR][/B]</description>
    <disclaimer lang="en">[B][COLOR white]DOAÇÕES MANTEM O ADDON ATUALIZADO > DOAÇÕES: [/COLOR][COLOR gold]BIT.LY/DOARBRPLAY[/COLOR][/B]</disclaimer>
	<platform>all</platform>
    <assets>
	<icon>icon.png</icon>
    <fanart>fanart.jpg</fanart>
    <screenshot>resources/screenshots/inicial.png</screenshot>
    <screenshot>resources/screenshots/channel.png</screenshot>
    <screenshot>resources/screenshots/ondemand.png</screenshot>
	</assets>
  </extension>
</addon>